55110,MAGOHB
3959,LGALS3BP
5334,PLCL1
10410,IFITM3
4061,LY6E
27334,P2RY10
195828,ZNF367
64805,P2RY12
9848,MFAP3L
989,SEPTIN7
6117,RPA1
9425,CDYL
7402,UTRN
254065,BRWD3
64407,RGS18
567,B2M
10581,IFITM2
8519,IFITM1
55916,NXT2
6374,CXCL5
3146,HMGB1
8436,CAVIN2
84281,C2orf88
57092,PCNP
27067,STAU2
1501,CTNND2
3429,IFI27
7106,TSPAN4
56899,AIDA
760,CA2
203068,TUBB1
220929,ZNF438
100128327,TRAPPC3L
56911,MAP3K7CL
8520,HAT1
3718,JAK3
10664,CTCF
8036,SHOC2
7145,TNS1
201973,PRIMPOL
80258,EFHC2
51019,WASHC3
84671,ZNF347
388588,SMIM1
51582,AZIN1
27109,DMAC2L
129607,CMPK2
552,AVPR1A
115294,PCMTD1
3046,HBE1
100463486,MTRNR2L8
54982,CLN6
57446,NDRG3
23078,VWA8
57214,CEMIP
5573,PRKAR1A
100507650,RNF212B
763,CA5A
27030,MLH3
4154,MBNL1
51351,ZNF117
4068,SH2D1A
223082,ZNRF2
205,AK3
5562,PRKAA1
64132,XYLT2
340351,AGBL3
282809,POC1B
23118,TAB2
116154,PHACTR3
2537,IFI6
100463498,MTRNR2L12
11059,WWP1
55342,STRBP
23171,GPD1L
79886,CAAP1
84838,ZNF496
3953,LEPR
112574,SNX18
27071,DAPP1
340554,ZC3H12B
23420,NOMO1
57189,DENND11
79068,FTO
51765,STK26
10114,HIPK3
1284,COL4A2
8202,TRAM1
91543,RSAD2
219670,ENKUR
11346,SYNPO
7444,VRK2
56344,CABP5
2122,MECOM
27020,NPTN
8038,ADAM12
1238,ACKR2
79750,ZNF385D
7871,SLMAP
90139,TSPAN18
1282,COL4A1
4026,LPP
5602,MAPK10
84142,ABRAXAS1
66000,TMEM108
84570,COL25A1
139716,GAB3
4698,NDUFA5
85451,UNK
132720,FAM241A
219681,ARMC3
81610,FAM83D
34,ACADM
79752,ZFAND1
1806,DPYD
4814,NINJ1
55008,HERC6
5867,RAB4A
91544,COA1
53615,MBD3
23243,ANKRD28
22921,MSRB2
550,AUP1
391475,DYTN
10666,CD226
10499,NCOA2
253943,YTHDF3
121441,NEDD1
23299,BICD2
84333,PCGF5
84239,ATP13A4
2646,GCKR
392517,NCBP2L
1984,EIF5A
3293,HSD17B3
110599563,LY6G6F-LY6G6D
81631,MAP1LC3B
123036,TC2N
83641,FAM107B
401115,C4orf48
2149,F2R
2232,FDXR
4638,MYLK
23421,ITGB3BP
402,ARL2
728780,ANKDD1B
79971,WLS
5025,P2RX4
1810,DR1
10929,SRSF8
126075,CCDC159
28996,HIPK2
92211,CDHR1
113791,PIK3IP1
687,KLF9
8854,ALDH1A2
55024,BANK1
54205,CYCS
3017,HIST1H2BF
5479,PPIB
201625,DNAH12
57674,RNF213
84256,FLYWCH1
10078,TSSC4
6726,SRP9
414919,C8orf82
136319,MTPN
134637,ADAT2
51247,PAIP2
6892,TAPBP
85444,LRRCC1
23541,SEC14L2
55023,WDR11
7292,TNFSF4
5295,PIK3R1
9839,ZEB2
51646,YPEL5
79038,ZFYVE21
23639,LRRC6
513,ATP5F1D
9814,SFI1
22872,SEC31A
10539,GLRX3
125336,LOXHD1
116068,LYSMD3
53635,PTOV1
9655,SOCS5
3612,IMPA1
6572,SLC18A3
26059,ERC2
5789,PTPRD
3122,HLA-DRA
338596,ST8SIA6
8654,PDE5A
54112,GPR88
2533,FYB1
9540,TP53I3
7016,TESK1
53346,TM6SF1
1509,CTSD
1760,DMPK
55009,FAM174C
4153,MBP
1890,TYMP
55363,HEMGN
8788,DLK1
100533177,KRTAP29-1
6774,STAT3
27151,CPAMD8
9170,LPAR2
2962,GTF2F1
2317,FLNB
7462,LAT2
64175,P3H1
55745,AP5M1
100463488,MTRNR2L10
144348,ZNF664
3981,LIG4
152137,CCDC50
54521,WDR44
54785,BORCS6
79722,ANKRD55
29766,TMOD3
8402,SLC25A11
51338,MS4A7
10616,RBCK1
4728,NDUFS8
871,SERPINH1
152006,RNF38
216,ALDH1A1
92283,ZNF461
81490,PTDSS2
7994,KAT6A
60312,AFAP1
57132,CHMP1B
8850,KAT2B
60485,SAV1
219749,ZNF25
150350,ENTHD1
139105,BEND2
56674,TMEM9B
10622,POLR3G
2086,ERV3-1
6605,SMARCE1
8818,DPM2
23429,RYBP
26225,ARL5A
54985,HCFC1R1
2530,FUT8
8683,SRSF9
526,ATP6V1B2
51652,CHMP3
6237,RRAS
4326,MMP17
51253,MRPL37
51026,GOLT1B
4077,NBR1
9049,AIP
10347,ABCA7
64754,SMYD3
23175,LPIN1
6386,SDCBP
5087,PBX1
9290,GPR55
26090,ABHD12
9444,QKI
10550,ARL6IP5
9991,PTBP3
5833,PCYT2
6576,SLC25A1
162,AP1B1
25778,DSTYK
26052,DNM3
79006,METRN
26579,MYEOV
60672,MIIP
10227,MFSD10
91582,RPS19BP1
6451,SH3BGRL
10625,IVNS1ABP
84364,ARFGAP2
7980,TFPI2
26586,CKAP2
987,LRBA
651746,ANKRD33B
11243,PMF1
2015,ADGRE1
145508,CEP128
58533,SNX6
23105,FSTL4
51663,ZFR
50840,TAS2R14
23548,TTC33
9415,FADS2
55844,PPP2R2D
55536,CDCA7L
221120,ALKBH3
92104,TTC30A
5197,PF4V1
54858,PGPEP1
4149,MAX
394,ARHGAP5
135112,NCOA7
9498,SLC4A8
79772,MCTP1
5813,PURA
6049,RNF6
3852,KRT5
5982,RFC2
7042,TGFB2
220988,HNRNPA3
84266,ALKBH7
144363,ETFRF1
3720,JARID2
10397,NDRG1
1130,LYST
64919,RIT1
22832,CEP162
2783,GNB2
54968,TMEM70
51199,NIN
5412,UBL3
9636,ISG15
286343,LURAP1L
5252,PHF1
54492,NEURL3
127018,LYPLAL1
6723,SRM
22903,BTBD3
11313,LYPLA2
23518,R3HDM1
2067,ERCC1
9040,UBE2M
5251,PHEX
3119,HLA-DQB1
441027,TMEM150C
92815,HIST3H2A
344905,ATP13A5
79602,ADIPOR2
7581,ZNF33A
831,CAST
329,BIRC2
1152,CKB
79366,HMGN5
84695,LOXL3
10282,BET1
171389,PAN3
23531,MMD
57456,KIAA1143
164284,APCDD1L
6744,ITPRID2
116138,KLHDC3
8294,HIST1H4I
57405,SPC25
9091,PIGQ
83853,ROPN1L
342618,SLFN14
339416,ANKRD45
2182,ACSL4
4037,LRP3
4350,MPG
6794,STK11
3017,HIST1H2BE
51755,CDK12
306,ANXA3
10025,MED16
8543,LMO4
256227,STEAP1B
135114,HINT3
29841,GRHL1
6642,SNX1
11101,ATE1
940,CD28
26151,NAT9
219333,USP12
80380,PDCD1LG2
1809,DPYSL3
79993,ELOVL7
79641,ROGDI
6455,SH3GL1
23265,EXOC7
80007,C10orf88
55740,ENAH
4880,CNP
100526694,MSANTD3-TMEFF1
9325,TRIP4
5439,POLR2J
57584,ARHGAP21
7922,SLC39A7
8754,ADAM9
4129,MAOB
389,RHOC
66008,TRAK2
10059,DNM1L
3423,IDS
23097,CDK19
149603,RNF187
9797,TATDN2
10672,GNA13
139596,UPRT
9650,MTFR1
7264,TSTA3
9701,PPP6R2
51251,NT5C3A
89891,WDR34
347273,CAVIN4
5971,RELB
84552,PARD6G
196951,FAM227B
10477,UBE2E3
116228,COX20
4976,OPA1
9522,SCAMP1
79143,MBOAT7
440145,MZT1
64116,SLC39A8
26994,RNF11
22920,KIFAP3
410,ARSA
81609,SNX27
10776,ARPP19
51299,NRN1
6745,SSR1
9710,KIAA0355
7045,TGFBI
51741,WWOX
3081,HGD
222166,MTURN
80308,FLAD1
84081,NSRP1
3575,IL7R
54998,AURKAIP1
51678,MPP6
1649,DDIT3
5973,RENBP
8545,CGGBP1
3481,IGF2
51586,MED15
254102,EHBP1L1
7485,GET1
3661,IRF3
3297,HSF1
79098,C1orf116
37,ACADVL
2,A2M
284615,ANKRD34A
26262,TSPAN17
29927,SEC61A1
5719,PSMD13
56910,STARD7
51246,SHISA5
1756,DMD
5090,PBX3
159090,FAM122B
25994,HIGD1A
6689,SPIB
11215,AKAP11
10661,KLF1
9123,SLC16A3
23012,STK38L
10318,TNIP1
64759,TNS3
128387,TATDN3
653509,PSAP
7936,NELFE
80023,NRSN2
28984,RGCC
7483,WNT9A
51643,TMBIM4
124045,SPATA33
11047,ADRM1
8334,HIST1H2AC
55534,MAML3
5564,PRKAB1
116986,AGAP2
27290,SPINK4
205717,USF3
128989,TANGO2
1108,CHD4
401152,C4orf3
283820,NOMO2
9842,PLEKHM1
1390,CREM
84305,PYM1
26130,GAPVD1
23256,SCFD1
55815,TSNAXIP1
26258,BLOC1S6
9331,B4GALT6
285016,ALKAL2
22908,SACM1L
284021,MILR1
5686,PSMA5
6672,SP100
8832,CD84
8416,ANXA9
2130,EWSR1
3281,HSBP1
152926,PPM1K
4343,MOV10
25920,NELFB
83855,KLF16
1871,E2F3
80213,TM2D3
94097,SFXN5
10079,ATP9A
3394,IRF8
3990,LIPC
30968,STOML2
63941,NECAB3
115207,KCTD12
26993,AKAP8L
2587,GALR1
23251,MINAR1
7408,VASP
64747,MFSD1
10444,ZER1
3752,KCND3
280636,SELENOH
3020,H3F3A
2055,CLN8
552889,ATXN7L3B
10268,RAMP3
11018,TMED1
55353,LAPTM4B
27136,MORC1
30008,EFEMP2
84557,MAP1LC3A
79022,TMEM106C
9265,CYTH3
9274,BCL7C
56949,XAB2
126119,JOSD2
8482,SEMA7A
25909,AHCTF1
51382,ATP6V1D
56890,MDM1
91828,EXOC3L4
112616,CMTM7
475,ATOX1
10573,MRPL28
10066,SCAMP2
403,ARL3
5149,PDE6H
11230,PRAF2
5870,RAB6A
64761,PARP12
5717,PSMD11
4033,LRMP
144245,ALG10
222223,KIAA1324L
4983,OPHN1
25932,CLIC4
9910,RABGAP1L
5271,SERPINB8
2907,GRINA
2004,ELK3
3159,HMGA1
51673,TPPP3
159371,SLC35G1
55285,RBM41
55732,C1orf112
8242,KDM5C
3673,ITGA2
81671,VMP1
60436,TGIF2
58480,RHOU
2794,GNL1
151888,BTLA
2547,XRCC6
80854,SETD7
8841,HDAC3
64838,FNDC4
7414,VCL
5533,PPP3CC
7917,BAG6
5218,CDK14
23507,LRRC8B
1019,CDK4
81579,PLA2G12A
5682,PSMA1
10561,IFI44
54107,POLE3
57121,LPAR5
51660,MPC1
1797,DXO
22856,CHSY1
6990,DYNLT3
51030,TVP23B
1633,DCK
4232,MEST
9712,USP6NL
5968,REG1B
10989,IMMT
27242,TNFRSF21
8853,ASAP2
6300,MAPK12
51596,CUTA
11274,USP18
4501,MT1X
286262,TPRN
149345,SHISA4
1946,EFNA5
55591,VEZT
9204,ZMYM6
644974,ALG1L2
90378,SAMD1
29940,DSE
1657,DMXL1
90990,KIFC2
9973,CCS
2162,F13A1
9921,RNF10
23275,POFUT2
22900,CARD8
790955,UQCC3
64839,FBXL17
23365,ARHGEF12
11040,PIM2
212,ALAS2
1781,DYNC1I2
1004,CDH6
8330,HIST1H2AK
23635,SSBP2
57705,WDFY4
57088,PLSCR4
3738,KCNA3
5819,NECTIN2
10155,TRIM28
80781,COL18A1
57474,ZNF490
54625,PARP14
376940,ZC3H6
5526,PPP2R5B
79571,GCC1
55529,PIP4P2
5605,MAP2K2
204851,HIPK1
8936,WASF1
10488,CREB3
221443,OARD1
80212,CCDC92
84520,GON7
23359,FAM189A1
91252,SLC39A13
7456,WIPF1
87,ACTN1
1329,COX5B
57104,PNPLA2
10855,HPSE
26229,B3GAT3
84628,NTNG2
535,ATP6V0A1
4651,MYO10
4087,SMAD2
5431,POLR2B
128,ADH5
100423062,IGLL5
283869,NPW
51379,CRLF3
57140,RNPEPL1
205564,SENP5
10211,FLOT1
84206,MEX3B
8969,HIST1H2AG
54881,TEX10
10212,DDX39A
1487,CTBP1
3684,ITGAM
8636,SSNA1
10067,SCAMP3
8340,HIST1H2BL
83590,TMUB1
10520,ZNF211
80022,MYO15B
7059,THBS3
26502,NARF
9781,RNF144A
259173,ALS2CL
284119,CAVIN1
4211,MEIS1
84309,NUDT16L1
84193,SETD3
10040,TOM1L1
10908,PNPLA6
131034,CPNE4
2334,AFF2
57591,MRTFA
11284,PNKP
55022,PID1
10434,LYPLA1
31,ACACA
132789,GNPDA2
6792,CDKL5
11079,RER1
10398,MYL9
253559,CADM2
125875,CLDND2
84717,HDGFL2
84304,NUDT22
1233,CCR4
10856,RUVBL2
5577,PRKAR2B
64760,FAM160B2
10438,C1D
55362,TMEM63B
6281,S100A10
56259,CTNNBL1
29100,TMEM208
54545,MTMR12
10922,FASTK
135,ADORA2A
65992,DDRGK1
2896,GRN
50650,ARHGEF3
23301,EHBP1
1647,GADD45A
27443,CECR2
5499,PPP1CA
5589,PRKCSH
91775,NXPE3
9908,G3BP2
5612,THAP12
22980,TCF25
1787,TRDMT1
6015,RING1
26010,SPATS2L
64857,PLEKHG2
9092,SART1
6944,VPS72
9208,LRRFIP1
57531,HACE1
3796,KIF2A
51274,KLF3
64089,SNX16
64105,CENPK
9039,UBA3
6641,SNTB1
9240,PNMA1
348262,MCRIP1
54623,PAF1
8773,SNAP23
84285,EIF1AD
3190,HNRNPK
2040,STOM
78987,CRELD1
219972,MPEG1
27166,PRELID1
10956,OS9
4773,NFATC2
154810,AMOTL1
54741,LEPROT
3987,LIMS1
1982,EIF4G2
200081,TXLNA
10771,ZMYND11
51533,PHF7
5239,PGM5
26065,LSM14A
119587,CPXM2
8195,MKKS
54869,EPS8L1
2313,FLI1
9158,FIBP
153339,TMEM167A
219899,TBCEL
9572,NR1D1
114882,OSBPL8
22820,COPG1
3182,HNRNPAB
262,AMD1
90639,COX19
348235,SKA2
3958,LGALS2
122618,PLD4
84326,METTL26
3425,IDUA
730087,ZNF726
8555,CDC14B
4352,MPL
11235,PDCD10
9402,GRAP2
27235,COQ2
51035,UBXN1
10196,PRMT3
8270,LAGE3
80344,DCAF11
83933,HDAC10
8444,DYRK3
8031,NCOA4
51566,ARMCX3
333,APLP1
6357,SCYL1
3665,IRF7
9804,TOMM20
79081,LBHD1
5190,PEX6
55611,OTUB1
10139,ARFRP1
10952,SEC61B
2888,GRB14
3831,KLC1
22924,MAPRE3
84153,RNASEH2C
90120,TMEM250
53405,CLIC5
654,BMP6
4725,NDUFS5
5900,RALGDS
1212,CLTB
23210,JMJD6
440836,ODF3B
196527,ANO6
126321,MFSD12
79071,ELOVL6
100463482,MTRNR2L6
54793,KCTD9
727800,RNF208
6464,SHC1
6050,RNH1
22871,NLGN1
22818,COPZ1
26292,MYCBP
54976,C20orf27
79627,OGFRL1
58487,CREBZF
1107,CHD3
9802,DAZAP2
79657,RPAP3
5210,PFKFB4
51657,STYXL1
6400,SEL1L
7423,VEGFB
4650,MYO9B
636,BICD1
5202,PFDN2
60343,FAM3A
51504,TRMT112
81857,MED25
25828,TXN2
65993,MRPS34
10049,DNAJB6
83443,SF3B5
7541,ZBTB14
55831,EMC3
66035,SLC2A11
10527,IPO7
115704,EVI5L
84967,LSM10
10084,PQBP1
11108,PRDM4
151188,ARL6IP6
3570,IL6R
6532,HTT
22937,SCAP
5908,RAP1B
497661,C18orf32
10171,RCL1
91283,MSANTD3
117178,SSX2IP
25948,KBTBD2
51291,GMIP
7592,ZNF41
7158,TP53BP1
23761,PISD
4041,HBM
10133,OPTN
51191,HERC5
92912,UBE2Q2
59271,EVA1C
2769,GNA15
51451,LCMT1
7169,TPM2
23218,NBEAL2
23392,ECPAS
23362,PSD3
83862,TMEM120A
80315,CPEB4
3842,TNPO1
9889,ZBED4
5447,POR
114088,TRIM9
88745,RRP36
57711,ZNF529
23530,NNT
55012,PPP2R3C
55608,ANKRD10
7390,UROS
7007,TECTA
5962,RDX
54555,DDX49
3017,HIST1H2BC
5688,PSMA7
64770,CCDC14
57533,TBC1D14
51093,RRNAD1
3315,HSPB1
153090,DAB2IP
10402,ST3GAL6
7555,CNBP
93343,MVB12A
84080,ENKD1
9552,SPAG7
1602,DACH1
23389,MED13L
729873,TBC1D3L
2623,GATA1
26060,APPL1
10912,GADD45G
90864,SPSB3
3792,KEL
9277,WDR46
55633,TBC1D22B
10223,GPA33
9605,VPS9D1
5518,PPP2R1A
5623,PSPN
9411,ARHGAP29
26153,KIF26A
6304,SATB1
286144,TRIQK
23244,PDS5A
56852,RAD18
7108,TM7SF2
10945,KDELR1
90,ACVR1
23384,SPECC1L
84445,LZTS2
57664,PLEKHA4
9869,SETDB1
3039,HBA1
8260,NAA10
113835,ZNF257
253832,ZDHHC20
64847,SPATA20
257160,RNF214
3646,EIF3E
56990,CDC42SE2
2356,FPGS
8563,THOC5
3117,HLA-DQA1
7296,TXNRD1
27314,RAB30
5692,PSMB4
55652,SLC48A1
57095,PITHD1
400823,FAM177B
51148,CERCAM
3045,HBD
9734,HDAC7
1848,DUSP6
1583,CYP11A1
3640,INSL3
8345,HIST1H2BH
3127,HLA-DRB5
8859,STK19
340485,ACER2
55704,CCDC88A
285613,RELL2
24145,PANX1
11129,CLASRP
8985,PLOD3
83593,RASSF3
8790,FPGT
1265,CNN2
2961,GTF2E2
4478,MSN
56829,ZC3HAV1
152579,SCFD2
22913,RALY
51727,CMPK1
6760,SS18
6418,SET
130940,CCDC148
90411,MCFD2
3111,HLA-DOA
55907,CMAS
3915,LAMB2
51449,PCYOX1
22843,PPM1E
111064648,SMIM36
29107,NXT1
6627,SNRPA1
5792,PTPRF
4257,MGST1
830,CAPZA2
9087,TMSB4Y
933,CD22
55144,LRRC8D
5874,RAB27B
51125,GOLGA7
9130,FAM50A
158219,TTC39B
23555,TSPAN15
219970,GLYATL2
285193,DUSP28
51072,MEMO1
126308,MOB3A
80347,COASY
4298,MLLT1
29957,SLC25A24
160897,GPR180
78996,CYREN
147968,CAPN12
54470,ARMCX6
26145,IRF2BP1
84436,ZNF528
92597,MOB1B
537,ATP6AP1
79171,RBM42
54831,BEST2
51334,PRR16
9728,SECISBP2L
255631,COL24A1
85477,SCIN
10392,NOD1
5554,PRH1
63874,ABHD4
340371,NRBP2
8935,SKAP2
8676,STX11
9079,LDB2
4090,SMAD5
5028,P2RY1
4702,NDUFA8
27246,RNF115
55313,CPPED1
23741,EID1
54788,DNAJB12
9315,NREP
91768,CABLES1
54957,TXNL4B
220972,MARCH8
90865,IL33
8995,TNFSF18
10208,USPL1
5886,RAD23A
4055,LTBR
10097,ACTR2
51237,MZB1
391189,OR11L1
2821,GPI
6449,SGTA
169714,QSOX2
54434,SSH1
5721,PSME2
1185,CLCN6
7010,TEK
29097,CNIH4
55700,MAP7D1
285349,ZNF660
6302,TSPAN31
267,AMFR
26960,NBEA
55668,GPATCH2L
6926,TBX3
5710,PSMD4
5021,OXTR
124790,HEXIM2
6173,RPL36A
5371,PML
177,AGER
11051,NUDT21
51312,SLC25A37
9219,MTA2
169611,OLFML2A
149428,BNIPL
3791,KDR
599,BCL2L2
9475,ROCK2
151195,CCNYL1
2617,GARS
51088,KLHL5
153643,FAM81B
4289,MKLN1
51062,ATL1
10652,YKT6
7428,VHL
5362,PLXNA2
3482,M6PR
64215,DNAJC1
6102,RP2
23412,COMMD3
9188,DDX21
29911,HOOK2
5709,PSMD3
727957,MROH1
83871,RAB34
4793,NFKBIB
10559,HCST
7772,ZNF229
5147,PDE6D
51506,UFC1
3030,HADHA
351,APP
5887,RAD23B
9060,PAPSS2
1869,E2F1
152273,FGD5
8625,RFXANK
10589,DRAP1
23348,DOCK9
2186,BPTF
23286,WWC1
4713,NDUFB7
284309,ZNF776
873,CBR1
23230,VPS13A
4669,NAGLU
117583,PARD3B
157695,TDRP
10397,DRG1
955,ENTPD6
11264,PXMP4
389524,GTF2IRD2B
997,CDC34
23300,ATMIN
80199,FUZ
55898,UNC45A
9100,USP10
5128,CDK17
8677,STX10
29959,NRBP1
6320,CLEC11A
9652,TTC37
2879,GPX4
153642,ARSK
256364,EML3
3688,ITGB1
55871,CBWD1
51473,DCDC2
6522,SLC4A2
25832,NBPF14
10413,YAP1
23261,CAMTA1
10725,NFAT5
83986,FAM234A
114990,VASN
7881,KCNAB1
51763,INPP5K
65080,MRPL44
9931,HELZ
80829,ZFP91
9801,MRPL19
83666,PARP9
114907,FBXO32
8634,RTCA
26472,PPP1R14B
85302,FBF1
5101,PCDH9
5689,PSMB1
10857,PGRMC1
200942,KLHDC8B
23207,PLEKHM2
163882,CNST
6006,RHCE
51282,SCAND1
54463,RETREG1
6574,SLC20A1
283635,FAM177A1
811,CALR
137872,ADHFE1
118472,ZNF511
171546,SPTSSA
153830,RNF145
65005,MRPL9
28974,C19orf53
26063,DECR2
55904,KMT2E
1742,DLG4
23547,LILRA4
4735,SEPTIN2
10180,RBM6
5609,MAP2K7
2109,ETFB
4714,NDUFB8
6941,TCF19
833,CARS
25839,COG4
51585,PCF11
23478,SEC11A
54862,CC2D1A
131870,NUDT16
5610,EIF2AK2
51181,DCXR
140467,ZNF358
8844,KSR1
54490,UGT2B28
64943,NT5DC2
10479,SLC9A6
947,CD34
5069,PAPPA
57128,LYRM4
79017,GGCT
23585,TMEM50A
645,BLVRB
5292,PIM1
26173,INTS1
253635,GPATCH11
202018,TAPT1
203427,SLC25A43
4781,NFIB
10755,GIPC1
259230,SGMS1
10107,TRIM10
829,CAPZA1
57606,SLAIN2
8764,TNFRSF14
96626,LIMS3
5310,PKD1
10928,RALBP1
148423,C1orf52
142678,MIB2
140609,NEK7
83943,IMMP2L
10793,ZNF273
1352,COX10
4192,MDK
7062,TCHH
5294,PIK3CG
10524,KAT5
2752,GLUL
55251,PCMTD2
50717,DCAF8
10961,ERP29
91289,LMF2
8741,TNFSF13
26140,TTLL3
374618,TEX9
3014,H2AFX
84722,PSRC1
130535,KCTD18
254225,RNF169
55749,CCAR1
54894,RNF43
58986,TMEM8A
10013,HDAC6
51021,MRPS16
57062,DDX24
340156,MYLK4
84217,ZMYND12
124402,UBALD1
4914,NTRK1
26578,OSTF1
4675,NAP1L3
4791,NFKB2
94240,EPSTI1
51569,UFM1
9363,RAB33A
3899,AFF3
55784,MCTP2
64420,SUSD1
757,TMEM50B
10533,ATG7
84335,AKT1S1
8905,AP1S2
57175,CORO1B
23344,ESYT1
126208,ZNF787
9937,DCLRE1A
79778,MICALL2
79991,STN1
10939,AFG3L2
64975,MRPL41
3249,HPN
10467,ZNHIT1
219654,ZCCHC24
166793,ZBTB49
6432,SRSF7
5074,PAWR
5358,PLS3
57035,RSRP1
92482,BBIP1
5441,POLR2L
57589,RIC1
441024,MTHFD2L
8216,LZTR1
81873,ARPC5L
5634,PRPS2
8880,FUBP1
5720,PSME1
80323,CCDC68
64975,MRPL27
91039,DPP9
3419,IDH3A
23607,CD2AP
2037,EPB41L2
254359,ZDHHC24
84691,FAM71F1
3488,IGFBP5
200205,IBA57
79634,SCRN3
23406,COTL1
51313,GASK1B
55193,PBRM1
51621,KLF13
48,ACO1
23113,CUL9
26509,MYOF
8100,IFT88
140465,MYL6B
84961,FBXL20
84272,YIPF4
55713,ZNF334
441509,GLRA4
6249,CLIP1
359710,BPIFB3
3054,HCFC1
10121,ACTR1A
56000,NXF3
29091,STXBP6
9736,USP34
79183,TTPAL
27106,ARRDC2
10162,LPCAT3
10273,STUB1
7739,ZNF185
2799,GNS
56834,GPR137
23369,PUM2
54497,HEATR5B
27183,VPS41
7076,TIMP1
2781,GNAZ
79788,ZNF665
22985,ACIN1
196463,PLBD2
4833,NME4
84938,ATG4C
8623,ASMTL
59339,PLEKHA2
2804,GOLGB1
89858,SIGLEC12
9526,MPDU1
91523,PCED1B
1154,CISH
6513,SLC2A1
994,CDC25B
284325,C19orf54
10643,IGF2BP3
266812,NAP1L5
9784,SNX17
10245,TIMM17B
201305,SPNS3
353,APRT
6499,SKIV2L
80895,ILKAP
91978,TPGS1
2990,GUSB
10953,TOMM34
55593,OTUD5
57818,G6PC2
25864,ABHD14A
7266,DNAJC7
11333,PDAP1
79048,SECISBP2
152217,NCBP2AS2
403341,ZBTB34
55275,VPS53
56172,ANKH
6840,SVIL
10379,IRF9
10263,CDK2AP2
7421,VDR
51172,NAGPA
23363,OBSL1
5001,ORC5
90780,PYGO2
10627,MYL12A
3614,IMPDH1
100128731,OST4
348110,ARPIN
84307,ZNF397
146664,MGAT5B
66005,CHID1
11078,TRIOBP
83999,KREMEN1
115939,TSR3
51095,TRNT1
112476,PRRT2
8648,NCOA1
79825,EFCC1
5695,PSMB7
23236,PLCB1
800,CALD1
7552,ZNF711
79903,NAA60
8565,YARS
51131,PHF11
682,BSG
79089,TMUB2
269,AMHR2
653319,KIAA0895L
4849,CNOT3
7363,UGT2B11
64395,GMCL1
55007,FAM118A
54830,NUP62CL
9114,ATP6V0D1
4729,NDUFV2
9377,COX5A
2846,LPAR4
93436,ARMC6
201164,PLD6
23158,TBC1D9
342371,ATXN1L
541565,C8orf58
51081,MRPS7
126731,CCSAP
1350,COX7C
1521,CTSW
5515,PPP2CA
80319,CXXC4
170482,CLEC4C
29109,FHOD1
54874,FNBP1L
920,CD4
11261,CHP1
10549,PRDX4
51094,ADIPOR1
84898,PLXDC2
55293,UEVLD
200316,APOBEC3F
3669,ISG20
93663,ARHGAP18
23328,SASH1
54921,CHTF8
5986,RFNG
94081,SFXN1
196792,FAM24B
2224,FDPS
171568,POLR3H
157,GRK3
23007,PLCH1
11163,NUDT4
56262,LRRC8A
5920,PLAAT4
253827,MSRB3
51310,SLC22A17
92579,G6PC3
441150,C6orf226
26034,IPCEF1
1003,CDH5
7419,VDAC3
199990,FAAP20
8425,LTBP4
51327,AHSP
30061,SLC40A1
3563,IL3RA
5690,PSMB2
79939,SLC35E1
338328,GPIHBP1
83746,L3MBTL2
11007,CCDC85B
10602,CDC42EP3
65264,USE1
57698,SHTN1
117177,RAB3IP
375189,PFN4
6342,SCP2
11170,FAM107A
533,ATP6V0B
55906,ZC4H2
55255,WDR41
4707,NDUFB1
10555,AGPAT2
79705,LRRK1
3009,HIST1H1B
7458,EIF4H
23587,ELP5
10572,SIVA1
56981,PRDM11
51074,APIP
4126,MANBA
11253,MAN1B1
5782,PTPN12
203054,ADCK5
64221,ROBO3
2668,ATF2
255403,ZNF718
103,ADAR
5585,PKN1
85236,HIST1H2BK
10810,WASF3
1608,DGKG
29894,CPSF1
80223,RAB11FIP1
8435,ACAT2
51027,BOLA1
201294,FHL3
4734,NEDD4
79132,DHX58
8994,LIMD1
5814,PURB
3574,IL7
10193,RNF41
6387,CXCL12
285550,FAM200B
151636,DTX3L
79042,TSEN34
51593,SRRT
81037,CLPTM1L
3727,JUND
402055,SRRD
27183,VPS4A
3145,HMBS
1198,CLK3
51526,OSER1
55252,ASXL2
5713,PSMD7
79792,GSDMD
23367,LARP1
57608,JCAD
81029,WNT5B
54210,TREM1
126133,ALDH16A1
146691,TOM1L2
100533106,ZHX1-C8orf76
5991,RFX3
6093,ROCK1
3512,JCHAIN
200894,ARL13B
401505,TOMM5
28512,NKIRAS1
51108,METTL9
118487,CHCHD1
80194,TMEM134
9969,MED13
51244,CCDC174
5519,PPP2R1B
9685,CLINT1
54407,SLC38A2
26517,TIMM13
7073,TIAL1
9524,TECR
11186,RASSF1
116835,HSPA12B
9581,PREPL
151011,SEPTIN10
26469,PTPN18
1948,EFNB2
51157,ZNF580
57223,PPP4R3B
3303,HSPA1A
22822,PHLDA1
4067,LYN
4801,NFYB
10540,DCTN2
26035,GLCE
7398,USP1
126326,GIPC3
79674,VEPH1
54799,MBTD1
161502,CFAP161
9063,PIAS2
55168,MRPS18A
55163,PNPO
51809,GALNT7
1891,ECH1
9907,AP5Z1
3660,IRF2
4254,KITLG
7392,USF2
6836,SURF4
51599,LSR
3837,KPNB1
4261,CIITA
57407,NMRAL1
5939,RBMS2
54842,MFSD6
1500,CTNND1
55335,NIPSNAP3B
55337,SHFL
7336,UBE2V2
10462,CLEC10A
80774,LIMD2
11017,SNRNP27
51390,AIG1
51377,UCHL5
2550,GABBR1
4893,NRAS
2287,FKBP3
51068,NMD3
27249,MMADHC
55602,CARF
140733,MACROD2
23254,KAZN
25939,SAMHD1
5636,PRPSAP2
55031,USP47
7422,VEGFA
1636,ACE
28989,NTMT1
84514,GHDC
4723,NDUFV1
1460,CSNK2B
51091,SLA
25996,REXO2
9473,THEMIS2
4141,MARS
79934,COQ8B
10225,CD96
90313,TP53I13
54863,TOR4A
284,ANGPT1
79155,TNIP2
54662,TBC1D13
7494,XBP1
256281,NUDT14
815,CAMK2A
201254,CENPX
29085,PHPT1
200186,CRTC2
8329,HIST1H2AI
10478,SLC25A17
221481,ARMC12
2936,GSR
1536,CYBB
3164,NR4A1
23181,DIP2A
8814,CDKL1
221656,KDM1B
9743,ARHGAP32
92285,ZNF585B
392,ARHGAP1
6257,RXRB
6301,SARS
813,CALU
5700,PSMC1
58509,CACTIN
51028,VPS36
546,ATRX
51162,EGFL7
55361,PI4K2A
9167,SCAF1
29101,SSU72
983,CDK1
199675,MCEMP1
54539,NDUFB11
18,ABAT
258010,SVIP
57514,ARHGAP31
57190,SELENON
57563,KLHL8
10181,RBM5
83548,COG3
55074,OXR1
5911,RAP2A
6616,SNAP25
83543,AIF1L
2906,GRIN2D
6535,SLC6A8
79616,CCNJL
8576,STK16
158358,KIAA2026
9706,ULK2
79169,C1orf35
83643,CCDC3
22878,TRAPPC8
286077,FAM83H
6888,TALDO1
84182,MINDY4
116988,AGAP3
79174,CRELD2
63894,VIPAS39
10992,SF3B2
57520,HECW2
8848,TSC22D1
10005,ACOT8
9733,SART3
148223,C19orf25
10019,SH2B3
728642,CDK11A
26240,FAM50B
7360,UGP2
27343,POLL
7204,TRIO
26528,DAZAP1
54739,XAF1
1488,CTBP2
3005,H1F0
90379,DCAF15
53826,FXYD6
85440,DOCK7
2923,PDIA3
55214,P3H2
56904,SH3GLB2
23646,PLD3
64223,MLST8
55857,KIZ
396,ARHGDIA
8370,HIST2H4A
9070,ASH2L
10220,GDF11
6878,TAF6
11337,GABARAP
56994,CHPT1
25842,ASF1A
123,PLIN2
23608,MKRN1
375790,AGRN
509,ATP5F1C
5768,QSOX1
57381,RHOJ
7531,YWHAE
26190,FBXW2
7982,ST7
1977,EIF4E
10134,BCAP31
865,CBFB
54893,MTMR10
55796,MBNL3
10058,ABCB6
22837,COBLL1
80271,ITPKC
132660,LIN54
6789,STK4
8314,BAP1
54867,TMEM214
55829,SELENOS
63943,FKBPL
146862,UNC45B
6713,SQLE
7705,ZNF146
23071,ERP44
9351,SLC9A3R2
64374,SIL1
126328,NDUFA11
2734,GLG1
90407,TMEM41A
80764,THAP7
57179,KIAA1191
51079,NDUFA13
3840,KPNA4
317772,HIST2H2AB
79142,PHF23
8626,TP63
79646,PANK3
10129,FRY
124989,EFCAB13
131408,FAM131A
10899,JTB
656,BMP8B
11168,PSIP1
65977,PLEKHA3
2701,GJA4
127687,C1orf122
476,ATP1A1
8605,PLA2G4C
54344,DPM3
55959,SULF2
1974,EIF4A2
2720,EBP
122553,TRAPPC6B
5058,PAK1
3094,HINT1
55692,LUC7L
9592,IER2
51780,KDM3B
5691,PSMB3
10081,PDCD7
1471,CST3
55683,KANSL3
161253,REM2
26000,TBC1D10B
201229,LYRM9
80821,DDHD1
3386,ICAM4
57489,ODF2L
140469,MYO3B
8503,PIK3R3
9813,EFCAB14
6118,RPA2
4359,MPZ
2041,EPHA1
128977,C22orf39
2258,FGF13
401494,HACD4
8575,PRKRA
89953,KLC4
6182,MRPL12
54897,CASZ1
10564,ARFGEF2
9414,TJP2
25790,CFAP45
26133,TRPC4AP
168455,CCDC71L
10654,PMVK
11068,CYB561D2
6525,SMTN
10981,RAB32
23358,USP24
158158,RASEF
7347,UCHL3
7329,UBE2I
8704,B4GALT2
8289,ARID1A
5977,DPF2
221935,SDK1
11213,IRAK3
83638,C11orf68
79762,C1orf115
55657,ZNF692
81565,NDEL1
51433,ANAPC5
5531,PPP4C
140809,SRXN1
3109,HLA-DMB
222229,LRWD1
53349,ZFYVE1
2647,BLOC1S1
131544,CRYBG3
148479,PHF13
54676,GTPBP2
9146,HGS
9829,DNAJC6
1186,CLCN7
663,BNIP2
8131,NPRL3
23295,MGRN1
440957,SMIM4
84945,ABHD13
55238,SLC38A7
55852,TEX2
221545,C6orf136
6603,SMARCD2
222235,FBXL13
55257,MRGBP
84279,PRADC1
2778,GNAS
911,CD1C
79706,PRKRIP1
51629,SLC25A39
163486,DENND1B
10006,ABI1
79034,C7orf26
149111,CNIH3
10960,LMAN2
8907,AP1M1
2038,EPB42
51705,EMCN
4811,NID1
23023,TMCC1
6935,ZEB1
84765,ZNF577
4086,SMAD1
140686,WFDC3
100131211,NEMP2
54861,SNRK
9278,ZBTB22
55615,PRR5
7468,NSD2
56907,SPIRE1
649,BMP1
55076,TMEM45A
83989,FAM172A
24138,IFIT5
723790,HIST2H2AA4
51386,EIF3L
9978,RBX1
25893,TRIM58
56985,ADPRM
81605,URM1
55219,MACO1
57720,GPR107
29994,BAZ2B
2014,EMP3
57670,KIAA1549
83700,JAM2
255043,TMEM86B
10659,CELF2
22936,ELL2
6885,MAP3K7
1428,CRYM
3184,HNRNPD
2995,GYPC
153768,PRELID2
55366,LGR4
100996763,NOTCH2NLB
11188,NISCH
80205,CHD9
387263,C6orf120
79442,LRRC2
643246,MAP1LC3B2
473,RERE
3487,IGFBP4
9261,MAPKAPK2
147807,ZNF524
201965,RWDD4
81611,ANP32E
3430,IFI35
222658,KCTD20
23166,STAB1
9985,REC8
26524,LATS2
2280,FKBP1A
27344,PCSK1N
118813,ZFYVE27
64928,MRPL14
9550,ATP6V1G1
51393,TRPV2
80318,GKAP1
10919,EHMT2
55062,WIPI1
56951,C5orf15
3678,ITGA5
22797,TFEC
6457,SH3GL3
3250,HPR
57708,MIER1
2585,GALK2
161882,ZNF408
54469,ZFAND6
5274,SERPINI1
84804,MFSD9
9445,ITM2B
55698,RADIL
10093,ARPC4
58493,INIP
11248,NXPH3
6811,STX5
10473,HMGN4
3607,FOXK2
10095,ARPC1B
221035,REEP3
6166,RPL36AL
10195,ALG3
26574,AATF
9785,DHX38
11331,PHB2
5192,PEX10
221496,LEMD2
10166,SLC25A15
2027,ENO3
10430,TMEM147
79001,VKORC1
444,ASPH
84885,ZDHHC12
35,ACADS
56261,GPCPD1
23625,FAM89B
201163,FLCN
55233,MOB1A
5714,PSMD8
83985,SPNS1
54557,SGTB
84311,MRPL45
9314,KLF4
79269,DCAF10
6372,CXCL6
84230,LRRC8C
79147,FKRP
5699,PSMB10
83608,C18orf21
9191,DEDD
116173,CMTM5
2131,EXT1
440348,NPIPB15
8904,CPNE1
10801,NAPB
101928527,PIGBOS1
55093,WDYHV1
164,AP1G1
595,CCND1
4248,MGAT3
58497,PRUNE1
25873,RPL36
29926,GMPPA
8943,AP3D1
80142,PTGES2
8945,BTRC
90326,THAP3
81615,TMEM163
399818,EEF1AKMT2
25870,SUMF2
51594,NBAS
134265,AFAP1L1
627,BDNF
7703,PCGF2
8674,VAMP4
5693,PSMB5
79591,ARMH3
146547,PRSS36
6827,SUPT4H1
347736,NME9
51024,FIS1
1140,CHRNB1
55248,PACC1
6421,SFPQ
5436,POLR2G
54014,BRWD1
2123,EVI2A
10295,BCKDK
11117,EMILIN1
5034,P4HB
200576,PIKFYVE
79828,METTL8
3839,KPNA3
151176,ERFE
89782,LMLN
11177,BAZ1A
4802,NFYC
134553,C5orf24
9554,SEC22B
94,ACVRL1
79090,TRAPPC6A
55658,RNF126
8558,CDK10
56913,C1GALT1
767,CA8
948,CD36
130951,M1AP
64783,RBM15
440097,DBX2
390916,NUDT19
83444,INO80B
8896,BUD31
51084,CRYL1
6662,SRA1
54504,CPVL
369,ARAF
91782,CHMP7
8115,TCL1A
10472,ZBTB18
80013,MINDY3
90135,BTBD6
6904,TBCD
4891,SLC11A2
51136,RNFT1
374882,TMEM205
54145,H2BFS
8356,HIST1H3J
741,ZNHIT2
9754,STARD8
51268,PIPOX
9528,TMEM59
10534,ZNRD2
5970,RELA
79893,GGNBP2
8888,MCM3AP
340719,NANOS1
3049,HBQ1
3945,LDHB
6837,MED22
5164,PDK2
11332,ACOT7
113263,GLCCI1
1072,CFL1
11148,HHLA2
23241,PACS2
6570,VAT1
4952,OCRL
5947,RBP1
55622,TTC27
8349,HIST2H2BE
285282,RABL3
11316,COPE
57178,ZMIZ1
6609,SMPD1
60468,BACH2
3043,HBB
29993,PACSIN1
133383,SETD9
54813,KLHL28
10455,ECI2
11054,OGFR
7384,UQCRC1
54816,ZNF280D
64772,ENGASE
5702,PSMC3
9319,TRIP13
56947,MFF
102,ADAM10
388697,S100A16
4354,MPP1
415116,PIM3
148823,GCSAML
23567,ZNF346
92292,GLYATL1
3142,HLX
1070,CETN3
9131,AIFM1
80758,PRR7
26284,ERAL1
353088,ZNF429
283420,CLEC9A
9567,GTPBP1
7102,TSPAN7
284323,ZNF780A
54477,PLEKHA5
10957,PNRC1
5187,PER1
137886,UBXN2B
80279,CDK5RAP3
8666,EIF3G
11020,IFT27
55825,PECR
348487,FAM131C
2175,FAH
55929,DMAP1
6687,SPG7
54940,OCIAD1
51501,HIKESHI
8541,PPFIA3
55114,ARHGAP17
5211,PFKL
50626,CYHR1
6738,RO60
27065,NSG1
2873,GPS1
8655,DYNLL1
2820,GPD2
7520,XRCC5
4599,MX1
139886,SPIN4
6813,STXBP2
30834,ZNRD1
5002,SLC22A18
51491,NOP16
8440,NCK2
1965,EIF2S1
84527,ZNF559
93129,ORAI3
80097,MZT2B
254827,NAALADL2
51343,FZR1
10979,FERMT2
1513,CTSK
388389,CCDC103
6879,TAF7
147040,KCTD11
84077,C3orf20
83982,IFI27L2
54812,AFTPH
6839,SUV39H1
5707,RPN2
3006,HIST1H1C
706,TSPO
4335,MNT
83463,MXD3
9310,ZNF235
8703,B4GALT3
2874,GPS2
284004,HEXD
401466,RBIS
79165,LENG1
3667,IRS1
60528,ELAC2
57699,CPNE5
57622,LRFN1
129685,TAF8
22877,MLXIP
23654,PLXNB2
23408,SIRT5
10189,ALYREF
374395,TMEM179B
11024,LILRA1
54476,RNF216
23032,USP33
10890,RAB10
59,ACTA2
286451,YIPF6
6497,SKI
10422,UBAC1
78992,YIPF2
83990,BACH1
8802,SUCLG1
196264,MPZL3
4043,LRPAP1
6431,SRSF6
8991,SELENBP1
81932,HDHD3
84068,SLC10A7
2770,GNAI1
23312,DMXL2
6787,NEK4
2595,GANC
286148,DPY19L4
26519,TIMM10
10806,SDCCAG8
2738,GLI4
259282,BOD1L1
5694,PSMB6
140710,SOGA1
3040,HBA2
6595,SMARCA2
3682,ITGAE
7737,RNF113A
10445,MCRS1
283629,TSSK4
1725,DHPS
151126,ZNF385B
5208,PFKFB2
84814,PLPP7
440275,EIF2AK4
2762,GMDS
1819,DRG2
51105,PHF20L1
7114,TMSB4X
284422,SMIM24
10130,PDIA6
149473,CCDC24
230,ALDOC
6094,ROM1
118788,PIK3AP1
126298,IRGQ
28956,LAMTOR2
9148,NEURL1
2639,GCDH
64708,COPS7B
2868,GRK4
3915,LAMC1
84062,DTNBP1
53834,FGFRL1
58530,LY6G6D
158,ADSL
80331,DNAJC5
2994,GYPB
4034,LRCH4
81858,SHARPIN
27153,ZNF777
8527,DGKD
9139,CBFA2T2
2523,FUT1
284361,EMC10
8664,EIF3D
64979,MRPL36
285180,RUFY4
55080,TAPBPL
23647,ARFIP2
348995,NUP43
80772,CPTP
83642,SELENOO
120,ADD3
51256,TBC1D7
90799,CEP95
9647,PPM1F
6272,SORT1
7534,YWHAZ
84818,IL17RC
1616,DAXX
9693,RAPGEF2
23315,SLC9A8
4928,NUP98
8106,PABPN1
10743,SMS
124944,C17orf49
25900,IFFO1
139818,DOCK11
100130933,SMIM6
3047,HBG1
83902,KRTAP17-1
1122,CHML
2790,GNG10
54896,SLC66A1
54345,SOX18
23154,NCDN
79004,CUEDC2
345222,MSANTD1
22880,MORC2
10987,COPS5
63925,ZNF335
7038,TG
55972,SLC25A40
9442,MED27
6890,TAP1
342918,C19orf81
100127983,C8orf88
56893,UBQLN4
57464,STRIP2
10650,PRELID3A
1241,LTB4R
4066,LYL1
55196,RESF1
6711,SPTBN1
389119,INKA1
1477,CSTF1
4130,MAP1A
92675,DTD1
401145,CCSER1
84878,ZBTB45
7913,DEK
967,CD63
25912,C1orf43
23314,SATB2
5160,PDHA1
10904,BLCAP
79087,ALG12
352954,CASTOR3
4023,LPL
29903,CCDC106
84236,RHBDD1
4724,NDUFS4
1942,EFNA1
10974,ADIRF
8883,NAE1
122509,IFI27L1
5536,PPP5C
92399,MRRF
328,APEX1
9640,ZNF592
3674,ITGA2B
9817,KEAP1
105372481,ERVK3-1
9263,STK17A
8467,SMARCA5
128077,LIX1L
8939,FUBP3
116983,ACAP3
10188,TNK2
120526,DNAJC24
5162,PDHB
26112,CCDC69
23293,SMG6
10312,TCIRG1
64848,YTHDC2
84337,ELOF1
81035,COLEC12
5324,PLAG1
5648,MASP1
25930,PTPN23
9424,KCNK6
100133941,CD24
3097,HIVEP2
149478,BTBD19
55727,BTBD7
57060,PCBP4
28969,BZW2
79415,CYBC1
60673,ATG101
10101,NUBP2
54629,MINDY2
158427,TSTD2
26073,POLDIP2
5877,RABIF
90317,ZNF616
84173,ELMOD3
22918,CD93
10039,PARP3
5156,PDGFRA
27257,LSM1
4924,NUCB1
51719,CAB39
29948,OSGIN1
136647,MPLKIP
29115,SAP30BP
7709,ZBTB17
128637,TBC1D20
1645,AKR1C1
116028,RMI2
1508,CTSB
160,AP2A1
84895,MIGA2
100113407,TMEM170B
3189,HNRNPH3
151393,RMDN2
91574,C12orf65
163126,EID2
1947,EFNB1
5049,PAFAH1B2
29760,BLNK
9997,SCO2
5376,SP110
221937,FOXK1
84268,RPAIN
481,ATP1B1
10569,SLU7
51320,MEX3C
81544,GDPD5
8315,BRAP
7873,MANF
10175,CNIH1
84894,LINGO1
6891,TAP2
6352,CCL5
55558,PLXNA3
7322,UBE2D2
148254,ZNF555
1120,CHKB
84164,ASCC2
55568,GALNT10
166336,PRICKLE2
26123,TCTN3
27434,POLM
3270,HRC
10092,ARPC5
170463,SSBP4
57129,MRPL47
3708,ITPR1
28964,GIT1
9328,GTF3C5
342372,PKD1L3
51547,SIRT7
6880,TAF9
80763,SPX
51116,MRPS2
158056,MAMDC4
4904,YBX1
57498,KIDINS220
9987,HNRNPDL
8539,API5
55762,ZNF701
474344,GIMAP6
2971,GTF3A
339487,ZBTB8OS
8895,CPNE3
10887,PROKR1
80198,MUS81
1997,ELF1
199777,ZNF626
89849,ATG16L2
201181,ZNF385C
1306,COL15A1
85363,TRIM5
56886,UGGT1
27069,GHITM
389541,LAMTOR4
729262,NUTM2B
5079,PAX5
55851,PSENEN
23405,DICER1
64129,TINAGL1
343171,OR2W3
23786,BCL2L13
359845,RFLNB
8787,RGS9
100505573,INAFM2
9628,RGS6
5757,PTMA
55602,CDKN2AIP
5537,PPP6C
79709,COLGALT1
3337,DNAJB1
22848,AAK1
10900,RUNDC3A
54979,PLAAT2
9793,CKAP5
3123,HLA-DRB1
734,OSGIN2
132158,GLYCTK
648,BMI1
23279,NUP160
55515,ASIC4
1736,DKC1
57231,SNX14
1192,CLIC1
6571,SLC18A2
10241,CALCOCO2
89857,KLHL6
2053,EPHX2
253980,KCTD13
58508,KMT2C
128240,NAXE
80856,LNP1
84124,ZNF394
6633,SNRPD2
3990,LIPH
8784,TNFRSF18
1831,TSC22D3
3091,HIF1A
24142,NAA80
9603,NFE2L3
9149,DYRK1B
83892,KCTD10
85458,DIXDC1
6942,TCF20
7704,ZBTB16
54681,P4HTM
6197,RPS6KA3
57038,RARS2
2676,GFRA3
51029,DESI1
489,ATP2A3
1737,DLAT
10498,CARM1
51529,ANAPC11
1436,CSF1R
395,ARHGAP6
65999,LRRC61
6433,SFSWAP
5580,PRKCD
388403,YPEL2
115509,ZNF689
140612,ZFP28
84271,POLDIP3
1936,EEF1D
1783,DYNC1LI2
3090,HIC1
10138,YAF2
387082,SUMO4
2908,NR3C1
24139,EML2
114793,FMNL2
171023,ASXL1
28952,CCDC22
100527963,PMF1-BGLAP
29122,PRSS50
5936,RBM4
54360,CYTL1
2987,GUK1
149499,LRRC71
9704,DHX34
80127,BBOF1
283234,CCDC88B
2205,FCER1A
2101,ESRRA
2120,ETV6
23150,FRMD4B
9990,SLC12A6
57171,DOLPP1
642475,MROH6
81558,FAM117A
81562,LMAN2L
1489,CTF1
81839,VANGL1
57551,TAOK1
24148,PRPF6
64901,RANBP17
375449,MAST4
9734,HDAC9
84259,DCUN1D5
27291,R3HCC1L
57546,PDP2
79623,GALNT15
170575,GIMAP1
6362,CCL18
23192,ATG4B
6829,SUPT5H
27243,CHMP2A
162427,RETREG3
254427,PROSER2
140876,RIPOR3
3364,HUS1
63917,GALNT11
602,BCL3
83759,RBM4B
79577,CDC73
11070,TMEM115
23382,AHCYL2
25898,RCHY1
3069,HDLBP
4953,ODC1
9537,TP53I11
84937,ZNRF1
51729,WBP11
90488,TMEM263
284521,OR2L13
343172,OR2T8
124565,SLC38A10
22916,NCBP2
54,ACP5
8618,CAPS
924,CD7
56658,TRIM39
51300,TIMMDC1
6789,MST1
348793,WDR53
23205,ACSBG1
84727,SPSB2
90321,ZNF766
9696,CROCC
10637,LEFTY1
339123,JMJD8
5064,PALM
129450,TYW5
55311,ZNF444
54822,TRPM7
4643,MYO1E
51317,PHF21A
3029,HAGH
2584,GALK1
729665,CCDC175
5110,PCMT1
168374,ZNF92
79663,HSPBAP1
4436,MSH2
7542,ZFPL1
63915,BLOC1S5
50855,PARD6A
10505,SEMA4F
9653,HS2ST1
9583,ENTPD4
6618,SNAPC2
29,ABR
10763,NES
5297,PI4KA
79624,ARMT1
53347,CLIP4
56895,AGPAT4
3338,DNAJC4
6152,RPL24
51807,TUBA8
54883,CWC25
255394,TCP11L2
203260,CCDC107
1870,E2F2
11138,TBC1D8
9854,C2CD2L
4711,NDUFB5
130617,ZFAND2B
84288,EFCAB2
2775,GNAO1
54103,GSAP
57209,ZNF248
57045,TWSG1
146059,CDAN1
6294,SAFB
4636,MYL5
3093,UBE2K
9047,SH2D2A
2309,FOXO3
3105,HLA-A
55239,OGFOD1
7074,TIAM1
115098,CCDC124
5914,RARA
2932,GSK3B
56243,KIAA1217
205251,MTLN
144404,TMEM120B
83941,TM2D1
342979,PALM3
55194,EVA1B
283989,TSEN54
91748,ELMSAN1
57679,ALS2
55777,MBD5
80778,ZNF34
4666,NACA
400954,EML6
84334,COA8
222487,ADGRG3
26007,TKFC
3185,HNRNPF
51293,CD320
80243,PREX2
10875,FGL2
4142,MAS1
55075,UACA
4121,MAN1A1
1030,CDKN2B
11285,B4GALT7
2944,GSTM1
124935,SLC43A2
6637,SNRPG
2289,FKBP5
84293,PRXL2A
134492,NUDCD2
8826,IQGAP1
55103,RALGPS2
2938,GSTA1
153241,CEP120
9284,NPIPA1
144717,PHETA1
427,ASAH1
140545,RNF32
219699,UNC5B
123803,NTAN1
9577,BABAM2
55052,MRPL20
843,CASP10
3654,IRAK1
10735,STAG2
6769,STAC
318,NUDT2
81846,SBF2
10791,VAMP5
340061,TMEM173
284067,CFAP97D1
133619,PRRC1
112939,NACC1
283742,FAM98B
51347,TAOK3
55063,ZCWPW1
837,CASP4
84224,NBPF3
9934,P2RY14
56965,PARP6
100506581,C16orf95
23355,VPS8
4094,MAF
283518,KCNRG
55432,YOD1
9446,GSTO1
23196,FAM120A
10144,FAM13A
10640,EXOC5
11198,SUPT16H
441525,SPANXN4
2107,ERF
22836,RHOBTB3
58492,ZNF77
115817,DHRS1
7056,THBD
5863,RGL2
84824,FCRLA
64167,ERAP2
57414,RHBDD2
25796,PGLS
1347,COX7A2
4194,MDM4
84836,ABHD14B
23221,RHOBTB2
51528,JKAMP
55716,LMBR1L
4171,MCM2
79820,CATSPERB
5931,RBBP7
25780,RASGRP3
1453,CSNK1D
1612,DAPK1
79726,WDR59
5108,PCM1
151742,PPM1L
647087,STMP1
54908,SPDL1
200728,TMEM17
2348,FOLR1
8721,EDF1
84365,NIFK
9324,HMGN3
25956,SEC31B
65084,TMEM135
79659,DYNC2H1
55663,ZSCAN30
9200,HACD1
1397,CRIP2
23545,ATP6V0A2
633,PGS1
6373,CXCL11
5481,PPID
440093,H3F3C
56267,KYAT3
51022,GLRX2
51290,ERGIC2
6872,TAF1
26504,CNNM4
54977,SLC25A38
246184,CDC26
55055,ZWILCH
146956,EME1
22899,ARHGEF15
8669,EIF3J
10695,CNPY3
10471,PFDN6
81576,CCDC130
10670,RRAGA
83858,ATAD3B
55614,KIF16B
2767,GNA11
2983,GUCY1B1
8481,OFD1
57799,RAB40C
29126,CD274
221477,C6orf89
11322,TMC6
90861,JPT2
10617,STAMBP
23760,PITPNB
114112,TXNRD3
4929,NR4A2
112950,MED8
1326,MAP3K8
26984,SEC22A
84681,HINT2
5036,PA2G4
55684,RABL6
9252,RPS6KA5
10608,MXD4
5243,PGP
129080,EMID1
54552,GNL3L
146434,ZNF597
339448,C1orf174
5578,PRKACA
3795,KHK
23424,TDRD7
1387,CREBBP
57337,SENP7
2150,F2RL1
151531,UPP2
1084,CEACAM3
54820,NDE1
7586,ZKSCAN1
8763,CD164
84331,MCRIP2
79026,AHNAK
64776,C11orf1
5862,RAB2A
6650,CAPN15
79176,FBXL15
23410,SIRT3
79724,ZNF768
57555,NLGN2
79148,MMP25
7332,UBE2L3
113178,SCAMP4
8013,NR4A3
10868,USP20
129530,LYG1
10787,NCKAP1
6917,TCEA1
84162,KIAA1109
915,CD3D
29952,DPP7
5413,SEPTIN5
9465,AKAP7
92691,TMEM169
4552,MTRR
64773,PCED1A
4482,MSRA
2766,GMPR
64108,RTP4
81856,ZNF611
1408,CRY2
84275,SLC25A33
10497,UNC13B
2730,GCLM
9095,TBX19
79140,CCDC28B
197131,UBR1
3191,HNRNPL
4899,NRF1
1649,CEBPZ
51160,VPS28
3308,HSPA4
79649,MAP7D3
1476,CSTB
9911,TMCC2
64795,RMND5A
79789,CLMN
84294,UTP23
10972,TMED10
6536,SLC6A9
2621,GAS6
3104,ZBTB48
5150,PDE7A
9801,MRPL15
158866,ZDHHC15
10096,ACTR3
116362,RBP7
8480,RAE1
64858,DCLRE1B
23173,METAP1
7182,NR2C2
5198,PFAS
5715,PSMD9
8357,HIST1H3H
25960,ADGRA2
51726,DNAJB11
9717,SEC14L5
84327,ZBED3
23262,PPIP5K2
84447,SYVN1
80700,UBXN6
1520,CTSS
1188,CLCNKB
26088,GGA1
10221,TRIB1
221416,C6orf223
2532,ACKR1
6720,SREBF1
10949,HNRNPA0
64786,TBC1D15
51147,ING4
23214,XPO6
27161,AGO2
91319,DERL3
23466,CBX6
8462,KLF11
56681,SAR1A
124411,ZNF720
56848,SPHK2
145482,PTGR2
57827,C6orf47
1371,CPOX
134957,STXBP5
27090,ST6GALNAC4
2009,EML1
4318,MMP9
53905,DUOX1
1958,ZNF225
2821,NLK
23271,CAMSAP2
10844,TUBGCP2
2330,FMO5
8613,PLPP3
56926,NCLN
11094,CACFD1
8650,NUMB
283991,UBALD2
29893,PSMC3IP
57541,ZNF398
10905,MAN1A2
7001,PRDX2
54751,FBLIM1
219855,SLC37A2
9662,CEP135
57529,RTL9
55632,G2E3
221955,DAGLB
23623,RUSC1
25962,VIRMA
29775,CARD10
4927,NUP88
56851,EMC7
85015,USP45
7775,ZNF232
51409,HEMK1
29969,MDFIC
84159,ARID5B
23038,WDTC1
57509,MTUS1
157506,RDH10
138162,C9orf116
167465,ZNF366
4134,MAP4
5664,PSEN2
57326,PBXIP1
55679,LIMS2
200030,NBPF11
9986,RCE1
7633,ZNF79
7850,IL1R2
439996,IFIT1B
51762,RAB8B
10198,MPHOSPH9
166012,CHST13
26521,TIMM8B
25805,BAMBI
8459,TPST2
6427,SRSF2
122769,LRR1
29928,TIMM22
6005,RHAG
55023,PHIP
23609,MKRN2
4696,NDUFA3
283951,C16orf91
169200,TMEM64
54808,DYM
23557,SNAPIN
7617,ZNF66
84689,MS4A14
4605,MYBL2
84446,BRSK1
57501,KIAA1257
10150,MBNL2
11116,FGFR1OP
283130,SLC25A45
126003,TRAPPC5
57480,PLEKHG1
4716,NDUFB10
4597,MVD
64764,CREB3L2
55974,SLC50A1
51122,COMMD2
23360,FNBP4
25855,BRMS1
4038,LRP10
27352,SGSM3
3603,IL16
5480,PPIC
3276,PRMT1
494551,WEE2
10147,SUGP2
6337,SCNN1A
10480,EIF3M
492311,IGIP
169792,GLIS3
54868,TMEM104
7090,TLE3
57600,FNIP2
135644,TRIM40
373156,GSTK1
11226,GALNT6
83877,TM2D2
56882,CDC42SE1
9126,SMC3
7317,UBA1
51303,FKBP11
2534,SLK
1327,COX4I1
22979,EFR3B
55876,GSDMB
25804,LSM4
55778,ZNF839
26608,TBL2
5300,PIN1
3927,LASP1
26505,CNNM3
2901,GRIK5
51649,MRPS23
8303,SNN
2650,GCNT1
54935,DUSP23
116254,GINM1
9905,SGSM2
6583,SLC22A4
63933,MCUR1
84812,PLCD4
57082,KNL1
53918,PELO
54960,GEMIN8
10399,RACK1
64145,RBSN
11067,DEPP1
26268,FBXO9
1773,DNASE1
9352,TXNL1
23770,FKBP8
23753,SDF2L1
162466,PHOSPHO1
30833,NT5C
56034,PDGFC
57180,ACTR3B
10075,HUWE1
51138,COPS4
8736,MYOM1
64928,MRPL32
644096,SDHAF1
9468,PCYT1B
8997,KALRN
126393,HSPB6
5525,PPP2R5A
9125,CNOT9
29844,TFPT
280664,WFDC10B
7048,TGFBR2
100996693,SPEGNB
6810,STX4
7122,CLDN5
80741,LY6G5C
931,MS4A1
6100,RP9
7516,XRCC2
113746,ODF3
3060,PPOX
5528,PPP2R5D
84330,ZNF414
116987,AGAP1
51004,COQ6
2068,ERCC2
10728,PTGES3
6626,SNRPA
254013,ETFBKMT
89887,ZNF628
84084,RAB6C
83460,EMC6
23476,BRD4
6764,ST5
1861,TOR1A
57099,AVEN
55812,SPATA7
30,ACAA1
162979,ZNF296
11200,CHEK2
92106,OXNAD1
10898,CPSF4
199786,NIBAN3
79628,SH3TC2
81876,RAB1B
10159,ATP6AP2
26511,CHIC2
4795,NFKBIL1
8805,TRIM24
60490,PPCDC
55975,KLHL7
26168,SENP3
6915,TBXA2R
9679,FAM53B
55421,NCBP3
5450,POU2AF1
29967,LRP12
23031,MAST3
1445,CSK
11056,DDX52
81844,TRIM56
54916,TMEM260
10239,AP3S2
9249,DHRS3
729920,CRPPA
196,AHR
148932,MOB3C
9435,CHST2
151903,CCDC12
1056,CEL
55297,CCDC91
2671,GFER
55225,RAVER2
637,BID
11100,HNRNPUL1
131601,TPRA1
6013,RLN1
3761,KCNJ4
643699,GOLGA8N
7227,TRPS1
79694,MANEA
128061,C1orf131
197259,MLKL
5906,RAP1A
79065,ATG9A
91050,CCDC149
57511,COG6
79443,FYCO1
51537,MTFP1
3248,HPGD
84747,UNC119B
7694,ZNF135
85007,PHYKPL
3931,LCAT
162239,ZFP1
10249,GLYAT
100132406,NBPF10
7711,ZNF155
11275,KLHL2
55863,TMEM126B
498,ATP5F1A
85014,TMEM141
1163,CKS1B
51691,NAA38
25921,ZDHHC5
138151,NACC2
84324,SARNP
79585,CORO7
373,TRIM23
27111,SDCBP2
129138,ANKRD54
9450,LY86
79780,CCDC82
5876,RABGGTB
8615,USO1
9776,ATG13
85013,TMEM128
90338,ZNF160
55041,PLEKHB2
1056,LIPA
201134,CEP112
342926,ZNF677
360,AQP3
2013,EMP2
80267,EDEM3
9782,MATR3
55671,PPP4R3A
4303,FOXO4
23527,ACAP2
54801,HAUS6
9697,TRAM2
2593,GAMT
27252,KLHL20
4616,GADD45B
162494,RHBDL3
2209,FCGR1A
51306,FAM13B
90459,ERI1
255877,BCL6B
5196,PF4
338657,CCDC84
8417,STX7
8894,EIF2S2
3561,IL2RG
5325,PLAGL1
92799,SHKBP1
9920,KBTBD11
8893,EIF2B5
1314,COPA
5116,PCNT
7284,TUFM
1859,DYRK1A
8760,CDS2
665,BNIP3L
10629,TAF6L
6510,SLC1A5
5921,RASA1
55160,ARHGEF10L
28955,DEXI
51669,SARAF
6144,RPL21
83478,ARHGAP24
10597,TRAPPC2B
10944,C11orf58
85441,HELZ2
79363,CPLANE2
3848,KRT1
170954,PPP1R18
5780,PTPN9
7216,TRO
6768,ST14
340252,ZNF680
161882,ZFPM1
399694,SHC4
84254,CAMKK1
2690,GHR
1776,DNASE1L3
4601,MXI1
441549,CDNF
2116,ETV2
57182,ANKRD50
51006,SLC35C2
4056,LTC4S
51255,RNF181
5524,PTPA
8809,IL18R1
583,BBS2
10057,ABCC5
29094,LGALSL
10236,HNRNPR
84875,PARP10
9409,PEX16
400916,CHCHD10
80011,FAM192A
23543,RBFOX2
4123,MAN2C1
81532,MOB2
84148,KAT8
127933,UHMK1
2193,FARSA
23576,DDAH1
10643,IMP3
10365,KLF2
9766,SUSD6
10325,RRAGB
10456,HAX1
201595,STT3B
55032,SLC35A5
402573,C7orf61
54622,ARL15
1855,DVL1
10730,YME1L1
154791,FMC1
339230,CCDC137
2286,FKBP2
55205,ZNF532
2788,GNG7
387707,CC2D2B
92305,TMEM129
5476,CTSA
643382,TMEM253
22930,RAB3GAP1
64801,ARV1
3375,DAP
1877,E4F1
116285,ACSM1
9936,CD302
56647,BCCIP
6039,RNASE6
140699,MROH8
1613,DAPK3
9519,TBPL1
25937,TAZ
2894,GRID1
51776,MAP3K20
2824,GPM6B
11104,KATNA1
5494,PPM1A
388284,C16orf86
9645,MICAL2
64326,COP1
23508,TTC9
23326,USP22
10105,PPIF
7417,VDAC2
6521,SLC4A1
79917,MAGIX
5520,PPP2R2A
4208,MEF2C
9641,IKBKE
5684,PSMA3
100287171,WASHC1
10015,PDCD6IP
79568,MAIP1
9129,PRPF3
7305,TYROBP
695,BTK
22858,ICK
54926,UBE2R2
5918,RARRES1
114904,C1QTNF6
93664,CAPS2
55191,NADSYN1
8226,PUDP
9805,SCRN1
10233,LRRC23
54764,ZRANB1
10328,EMC8
55508,SLC35E3
60560,NAA35
10733,PLK4
23385,NCSTN
3672,ITGA1
5514,PPP1R10
1312,COMT
10845,CLPX
8470,SORBS2
9031,BAZ1B
4163,MCC
391356,PTRHD1
54386,TERF2IP
51614,ERGIC3
53917,RAB24
64327,LMBR1
2304,TTF2
55016,MARCH1
124446,TMEM219
7730,PIGX
84522,JAGN1
55344,PLCXD1
7699,ZNF140
9401,RECQL4
165324,UBXN2A
51406,NOL7
128308,MRPL55
727764,MAFIP
5250,SLC25A3
84936,ZFYVE19
57455,REXO1
25825,BACE2
7358,UGDH
23493,HEY2
255783,INAFM1
286,ANK1
113829,SLC35A4
56478,EIF4ENIF1
2033,EP300
84163,GTF2IRD2
10726,NUDC
8717,TRADD
23743,BHMT2
128866,CHMP4A
79874,RABEP2
6876,TAGLN
57610,RANBP10
81618,BRI3
54980,C2orf42
147912,SIX5
64219,PJA1
23788,MTCH2
51098,IFT52
178,AGL
375775,PNPLA7
5452,POU2F2
55359,STYK1
4151,PVALB
89801,PPP1R3F
6624,FSCN1
79717,PPCS
143384,CACUL1
55367,PIDD1
5934,RBL2
9853,RUSC2
53344,CHIC1
113000,RPUSD1
63875,MRPL17
3705,ITPK1
6923,ELOB
126295,ZNF57
51421,AMOTL2
3799,KIF5B
54873,PALMD
23141,ANKLE2
8701,DNAH11
23039,XPO7
127391,TMCO2
64077,LHPP
6181,RPLP2
81894,SLC25A28
51550,CINP
1615,DARS
90416,CCDC32
3356,HTR2A
23220,DTX4
58191,CXCL16
4300,MLLT3
64598,MOSPD3
79567,RIPOR1
868,CBLB
2800,GOLGA1
85474,LBX2
3265,HRAS
55576,STAB2
11147,HHLA3
53407,STX18
51142,CHCHD2
26260,FBXO25
25847,ANAPC13
64777,RMND5B
2900,GRIK4
55054,ATG16L1
11045,UPK1A
84310,C7orf50
4116,MAGOH
1073,CFL2
401397,SMIM30
6154,RPL26
977,CD151
54939,COMMD4
55357,TBC1D2
6348,CCL3
1196,CLK2
89941,RHOT2
3421,IDH3G
51428,DDX41
2867,FFAR2
10490,VTI1B
374291,NDUFS7
162989,DEDD2
4199,ME1
3398,ID2
6895,TARBP2
2113,ETS1
83605,CCM2
1112,FOXN3
57157,PHTF2
90355,C5orf30
55664,CDC37L1
5901,RAN
8819,SAP30
6996,TDG
84513,PLPP5
643155,SMIM15
4222,MEOX1
84292,WDR83
80790,CMIP
57396,CLK4
9879,DDX46
51622,CCZ1
84141,EVA1A
9027,NAT8
55601,DDX60
156,GRK2
5925,RB1
27086,FOXP1
140775,SMCR8
6446,SGK1
25927,CNRIP1
8874,ARHGEF7
64118,DUS1L
7125,TNNC2
26548,ITGB1BP2
55905,RNF114
285362,SUMF1
29880,ALG5
5754,PTK7
91689,SMDT1
642489,FKBP1C
80273,GRPEL1
29950,SERTAD1
57636,ARHGAP23
9857,CEP350
57597,BAHCC1
157680,VPS13B
9056,SLC7A7
56257,MEPCE
7156,TOP3A
8835,SOCS2
81888,HYI
10588,MTHFS
11162,NUDT6
7188,TRAF5
10421,CD2BP2
441381,LRRC24
114769,CARD16
55320,MIS18BP1
51650,MRPS33
10330,CNPY2
114876,OSBPL1A
79811,SLTM
1838,DTNB
150356,CHADL
1794,DOCK2
5905,RANGAP1
114826,SMYD4
65993,MRPS12
912,CD1D
148206,ZNF714
51186,TCEAL9
52,ACP1
7799,PRDM2
5802,PTPRS
79868,ALG13
23197,FAF2
644538,SMIM10
51194,IPO11
998,CDC42
8463,TEAD2
9373,PLAA
3188,HNRNPH2
2069,EREG
5988,RFPL1
7036,TFR2
84545,MRPL43
29780,PARVB
9179,AP4M1
4359,CHM
7335,UBE2V1
93621,MRFAP1
79974,CPED1
6349,CCL3L1
9703,KIAA0100
2865,FFAR3
7629,ZNF76
406,ARNTL
54532,USP53
26689,OR4D1
55969,RAB5IF
100134938,UPK3BL1
54951,COMMD8
79095,C9orf16
79652,TMEM204
2850,GPR27
5434,POLR2E
140606,SELENOM
5546,PRCC
9221,NOLC1
8225,GTPBP6
56995,TULP4
202309,GAPT
57459,GATAD2B
23371,TNS2
534,ATP6V1G2
7538,ZFP36
26057,ANKRD17
29946,SERTAD3
9374,PPT2
6314,ATXN7
9960,USP3
8815,BANF1
463,ZFHX3
10618,TGOLN2
5872,RAB13
10454,TAB1
6494,SIPA1
9289,ADGRG1
7167,TPI1
196528,ARID2
4706,NDUFAB1
29087,THYN1
84458,LCOR
23163,GGA3
23523,CABIN1
9399,STOML1
51647,CIAO2B
638,BIK
222194,RSBN1L
55316,RSAD1
26099,SZRD1
26093,CCDC9
8567,MADD
6993,DYNLT1
7570,ZNF22
256329,LMNTD2
55322,C5orf22
4628,MYH10
54020,SLC37A1
221710,SMIM13
90060,CCDC120
27309,ZNF330
114783,LMTK3
10634,GAS2L1
8738,CRADD
9588,PRDX6
374875,HSD11B1L
4294,MAP3K10
9950,GOLGA5
25901,CCDC28A
79696,ZC2HC1C
132320,SCLT1
55970,GNG12
10644,IGF2BP2
80853,KDM7A
112724,RDH13
9659,PDE4DIP
10614,HEXIM1
1475,CSTA
79622,SNRNP25
7852,LAP3
24144,TFIP11
5424,POLD1
2580,GAK
79670,TUT7
55854,ZC3H15
140706,CCM2L
3313,HSPA9
7162,TPBG
728294,D2HGDH
55793,MINDY1
79191,IRX3
8360,HIST1H4D
5621,GSS
10165,SLC25A13
1788,DNMT3A
57590,WDFY1
1263,PLK3
2969,GTF2I
5516,PPP2CB
90507,SCRN2
51222,ZNF219
6209,RPS15
10299,MARCH6
2553,GABPB2
727909,GOLGA8Q
3106,HLA-B
84262,PSMG3
8916,HERC3
1912,PHC2
23633,KPNA6
55035,NOL8
8404,SPARCL1
5269,SERPINB6
56006,SMG9
1666,DECR1
128272,ARHGEF19
516,ATP5MC1
3162,HMOX1
1071,CETP
148022,TICAM1
57594,HOMEZ
57645,POGK
26515,TIMM10B
92715,DPH7
10980,COPS6
127002,ATXN7L2
10963,STIP1
6670,SP3
23381,SMG5
7091,TLE4
7706,TRIM25
79066,METTL16
81875,ISG20L2
55303,GIMAP4
5343,PLGLB1
23401,FRAT2
9088,PKMYT1
7159,TP53BP2
130162,CLHC1
2764,GMFB
57684,ZBTB26
400451,FAM174B
51534,VTA1
8698,S1PR4
257397,TAB3
10361,NPM2
54499,TMCO1
23129,PLXND1
84456,L3MBTL3
84079,ANKRD27
8569,MKNK1
27338,UBE2S
64168,NECAB1
10699,LRP4
823,CAPN1
6625,SNRNP70
89845,ABCC10
84944,MAEL
79672,FN3KRP
7123,CLEC3B
4629,MYH11
572,BAD
79064,TMEM223
23187,PHLDB1
80705,TSGA10
2074,ERCC6
51426,POLK
26996,GPR160
10641,NPRL2
124044,SPATA2L
23091,ZC3H13
84910,TMEM87B
10975,UQCR11
3013,HIST1H2AD
1462,VCAN
22933,SIRT2
23484,LEPROTL1
215,ABCD1
2649,NR6A1
9334,B4GALT5
59307,SIGIRR
139728,PNCK
7107,GPR137B
1459,CSNK2A2
1209,CLPTM1
10423,CDIPT
10741,RBBP9
29887,SNX10
83699,SH3BGRL2
56984,PSMG2
91445,RNF185
8727,CTNNAL1
55748,CNDP2
51143,DYNC1LI1
2047,EPHB1
115416,MALSU1
374928,ZNF773
55139,ANKZF1
10272,FSTL3
3590,IL11RA
5351,PLOD1
54538,ROBO4
11267,SNF8
8777,MPDZ
6429,SRSF4
9380,GRHPR
57217,TTC7A
221908,PPP1R35
65980,BRD9
55095,SAMD4B
51078,THAP4
4000,LMNA
9903,KLHL21
8204,NRIP1
151887,CCDC80
3030,HADH
11196,SEC23IP
221395,ADGRF5
10117,ENAM
3797,KIF3C
54558,SPATA6
4681,NBL1
84264,HAGHL
5880,RAC2
80086,TUBA4B
2483,FRG1
153579,BTNL9
8174,MADCAM1
7171,TPM4
7301,TYRO3
65988,ZNF747
3340,NDST1
5257,PHKB
64792,IFT22
5510,PPP1R7
10014,HDAC5
23167,EFR3A
170961,ANKRD24
7319,UBE2A
28987,NOB1
91298,C12orf29
50862,RNF141
29954,POMT2
5023,P2RX1
54949,SDHAF2
55798,METTL2B
4297,KMT2A
9236,CCPG1
131616,TMEM42
6598,SMARCB1
3601,IL15RA
23208,SYT11
55017,C14orf119
6192,RPS4Y1
83547,RILP
11185,INMT
27163,NAAA
23431,AP4E1
1025,CDK9
6629,MSL1
146850,PIK3R6
131669,UROC1
10541,ANP32B
147872,CCDC155
57496,MRTFB
64121,RRAGC
79693,YRDC
10591,DNPH1
1026,CDKN1A
64081,PBLD
6500,SKP1
494115,RBMXL1
3703,STT3A
80006,TRAPPC13
83595,SOX7
64397,ZNF106
51372,TMA7
9810,RNF40
1175,AP2S1
9412,MED21
355,FAS
83596,BCL2L12
3658,IREB2
91351,DDX60L
56287,CA11
10237,SLC35B1
5611,DNAJC3
144233,BCDIN3D
8409,UXT
284486,THEM5
9187,SLC24A1
4943,TBC1D25
1730,DIAPH2
1016,CDH24
116541,MRPL54
51531,TRMO
10174,SORBS3
7342,UBP1
51574,LARP7
4092,SMAD7
83658,DYNLRB1
10217,CTDSPL
8609,KLF7
201292,TRIM65
55752,SEPTIN11
5184,PEPD
152503,SH3D19
10971,YWHAQ
3936,LCP1
85019,TMEM241
91404,SESTD1
55170,PRMT6
965,CD58
8733,GPAA1
22934,RPIA
1187,CLCNKA
3420,IDH3B
6283,S100A12
5209,PFKFB3
6305,SBF1
54847,SIDT1
64147,KIF9
4967,OGDH
11052,CPSF6
84892,POMGNT2
6602,SMARCD1
6659,SOX4
56246,FGD2
5979,RET
5194,PEX13
619279,ZNF704
10557,RPP38
285527,FRYL
51530,ZC3HC1
10194,TSHZ1
9868,TOMM70
1266,CNN3
1740,DLG2
121274,ZNF641
100128071,FAM229A
3434,IFIT1
23,ABCF1
375346,STIMATE
211,ALAS1
25793,FBXO7
9694,EMC2
56255,TMX4
79786,KLHL36
308,ANXA5
92,ACVR2A
91304,TMEM259
9727,RAB11FIP3
116113,FOXP4
6780,STAU1
9639,ARHGEF10
64072,CDH23
55180,LINS1
25904,CNOT10
51118,UTP11
3916,LAMP1
65055,REEP1
5138,PDE2A
79870,BAALC
51171,HSD17B14
6812,STXBP1
3621,ING1
1893,ECM1
9874,TLK1
162681,C18orf54
23302,WSCD1
222642,TSPO2
2296,FOXC1
79729,SH3D21
100129250,SMIM27
54708,MARCH5
342892,ZNF850
2175,FANCA
83852,SETDB2
51232,CRIM1
598,BCL2L1
283237,TTC9C
4282,MIF
84267,C9orf64
6929,TCF3
23483,TGDS
11224,RPL35
78994,PRR14
10484,SEC23A
5787,PTPRB
7088,TLE1
4047,LSS
51744,CD244
147700,KLC3
8833,GMPS
805,CALM2
1808,DRP2
7453,WARS
28227,PPP2R3B
5154,PDGFA
6468,FBXW4
4205,MEF2A
23515,MORC3
56945,MRPS22
84905,ZNF341
150209,AIFM3
60675,PROK2
10206,TRIM13
402160,CFAP99
134510,UBLCP1
9681,DEPDC5
482,ATP1B2
8660,IRS2
84649,DGAT2
11252,PACSIN2
51111,KMT5B
10519,CIB1
4686,NCBP1
223,ALDH9A1
54542,RC3H2
114049,BUD23
340385,ZNF517
2057,EPOR
2931,GSK3A
23176,SEPTIN8
51715,RAB23
4771,NF2
5706,PSMC6
51768,TM7SF3
488,ATP2A2
381,ARF5
57102,C12orf4
6402,SELL
353322,ANKRD37
59338,PLEKHA1
25983,NGDN
4015,LOX
10158,PDZK1IP1
10090,UST
79716,NPEPL1
9770,RASSF2
51005,AMDHD2
79873,NUDT18
9517,SPTLC2
1981,EIF4G1
51135,IRAK4
201191,SAMD14
9533,POLR1C
57468,SLC12A5
120892,LRRK2
9253,NUMBL
7189,TRAF6
7637,ZNF84
2339,FNTA
114880,OSBPL6
54505,DHX29
11157,LSM6
3018,HIST1H2BB
7743,ZNF189
90121,TSR2
4708,NDUFB2
23473,CAPN7
81614,NIPA2
3312,HSPA8
51389,RWDD1
83856,FSD1L
5909,RAP1GAP
10270,AKAP8
5575,PRKAR1B
135138,PACRG
157378,TMEM65
29902,FAM216A
11123,RCAN3
6671,SP4
55218,EXD2
7260,EIPR1
54665,RSBN1
11266,DUSP12
54932,EXD3
10528,NOP56
29988,SLC2A8
8509,NDST2
5223,PGAM1
29985,SLC39A3
147339,C18orf25
79921,TCEAL4
8988,HSPB3
2194,FASN
9902,MRC2
22887,FOXJ3
84991,RBM17
29979,UBQLN1
9840,TESPA1
647310,TEX22
100129842,ZNF737
7326,UBE2G1
54059,YBEY
140628,GATA5
3735,KARS
79957,PAQR6
47,ACLY
80028,FBXL18
147007,TMEM199
25953,PNKD
8243,SMC1A
23649,POLA2
942,CD86
11334,TUSC2
56288,PARD3
9132,KCNQ4
7786,MAP3K12
29882,ANAPC2
388324,INCA1
10910,SUGT1
4673,NAP1L1
4332,MNDA
55687,TRMT1
2036,EPB41L1
6009,RHEB
10124,ARL4A
8439,NSMAF
5256,PHKA2
3709,ITPR2
80179,MYO19
64231,MS4A6A
64800,EFCAB6
9877,ZC3H11A
79888,LPCAT1
6621,SNAPC4
1911,PHC1
55835,CENPJ
672,BRCA1
2975,GTF3C1
10385,BTN2A2
57713,SFMBT2
6326,SCN2A
7690,ZNF131
26512,INTS6
30844,EHD4
84298,LLPH
201895,SMIM14
54726,OTUD4
115353,LRRC42
581,BAX
284695,ZNF326
23130,ATG2A
84418,CYSTM1
56061,UBFD1
23070,CMTR1
285367,RPUSD3
55789,DEPDC1B
1193,CLIC2
10869,USP19
10229,COQ7
286826,LIN9
23053,ZSWIM8
26499,PLEK2
90522,YIF1B
11218,DDX20
148327,CREB3L4
152002,XXYLT1
9185,REPS2
51690,LSM7
55132,LARP1B
3399,ID3
55505,NOP10
5172,SLC26A4
221143,EEF1AKMT1
80218,NAA50
84960,CCDC183
25865,PRKD2
23438,HARS2
6869,SPR
51733,UPB1
10768,AHCYL1
163049,ZNF791
58160,NFE4
5603,MAPK13
8089,YEATS4
5898,RALA
51141,INSIG2
11228,RASSF8
94121,SYTL4
116461,TSEN15
126282,TNFAIP8L1
57003,CCDC47
1183,CLCN4
79767,ELMO3
51816,ADA2
25941,TPGS2
147808,ZNF784
9501,RPH3AL
57683,ZDBF2
27079,RPUSD2
55667,DENND4C
57630,SH3RF1
586,BCAT1
8540,AGPS
51182,HSPA14
55726,INTS13
2212,FCGR2A
894,CCND2
27347,PASK
8027,STAM
6404,SELPLG
3150,HMGN1
126299,ZNF428
6844,VAMP2
222236,NAPEPLD
5151,PDE8A
9761,MLEC
5420,PODXL
23404,EXOSC2
55572,FOXRED1
80063,ATF7IP2
1857,DVL3
203245,NAIF1
201514,ZNF584
4189,DNAJB9
51329,ARL6IP4
6721,SREBF2
6358,SCYL2
2920,CXCL2
83879,CDCA7
80254,CEP63
4792,NFKBIA
1780,DYNC1I1
10642,ZBP1
92421,CHMP4C
79744,ZNF419
153527,ZMAT2
81559,TRIM11
10203,CALCRL
9715,FAM131B
5229,PGGT1B
253512,SLC25A30
51010,EXOSC3
51251,POMP
85406,DNAJC14
64748,PLPPR2
7044,LEFTY2
9747,TCAF1
64766,S100PBP
10426,TUBGCP3
54765,TRIM44
4831,NME2
133686,NADK2
6832,SUPV3L1
220002,CYB561A3
404217,CTXN1
161835,FSIP1
2235,FECH
958,CD40
29789,OLA1
6138,RPL15
6814,STXBP3
55116,TMEM39B
80856,LNPK
63891,RNF123
7068,THRB
56925,LXN
8886,DDX18
7335,CIR1
1413,CRYBA4
339855,KY
493,ATP2B2
81620,CDT1
11237,RNF24
23334,SZT2
1652,DDT
8192,CLPP
50485,SMARCAL1
3911,LAMA5
9771,RAPGEF5
54482,TRMT13
4091,SMAD6
29761,USP25
79133,NDUFAF5
51340,CRNKL1
2516,NR5A1
819,CAMLG
162517,FBXO39
393,ARHGAP4
1181,CLCN2
50810,HDGFL3
4860,PNP
26873,OPLAH
285489,FADS3
744,MPPED2
256586,LYSMD2
91612,CHURC1
80167,ABHD18
3149,HMGB3
7127,TNFAIP2
7033,TFF3
114823,LENG8
25979,DHRS7B
1841,DTYMK
51096,UTP18
8358,HIST1H3B
1355,COX15
10489,LRRC41
283417,DPY19L2
10482,NXF1
26001,RNF167
54819,ZCCHC10
896,CCND3
163087,ZNF383
90592,ZNF700
84769,MPV17L2
5018,OXA1L
4133,MAP2
10667,FARS2
840,CASP7
5372,PMM1
7433,VIPR1
728888,NPIPB11
5778,PTPN7
107282092,BOLA2-SMG1P6
3572,IL6ST
80204,FBXO11
2588,GALNS
8079,MLF2
521,ATP5ME
606495,CYB5RL
116064,LRRC58
89970,RSPRY1
374786,EFCAB5
56937,STAG1
51667,NUB1
55210,ATAD3A
330,BIRC3
8178,ELL
9778,KIAA0232
8269,TMEM187
92714,ARRDC1
27287,VENTX
753,LDLRAD4
7371,UCK2
8498,RANBP3
11140,CDC37
286046,XKR6
5216,PFN1
221749,PXDC1
6556,SLC11A1
9141,PDCD5
29767,TMOD2
56242,ZNF253
51571,FAM49B
25926,NOL11
146225,CMTM2
4715,NDUFB9
25913,POT1
221785,ZSCAN25
2052,EPHX1
124220,ZG16B
9360,PPIG
9107,MTMR6
94015,TTYH2
54512,EXOSC4
54432,YIPF1
55187,VPS13D
3783,IK
64718,UNKL
90196,SYS1
10632,ATP5MG
84231,TRAF7
8607,RUVBL1
55222,LRRC20
27250,PDCD4
4223,MEOX2
60681,FKBP10
4224,MEP1A
6228,RPS23
3455,IFNAR2
84132,USP42
2631,NIPSNAP2
100128908,LMLN2
64130,LIN7B
59342,SCPEP1
55968,NSFL1C
124152,IQCK
2197,FAU
11119,BTN3A1
9167,COX7A2L
8702,B4GALT4
29125,C11orf21
131118,DNAJC19
54797,MED18
8837,CFLAR
8968,HIST1H3F
5607,MAP2K5
284307,ZIK1
56160,NSMCE3
353116,RILPL1
4858,NOVA2
653720,GOLGA8M
54850,FBXL12
200132,TCTEX1D1
79581,SLC52A2
22911,WDR47
23463,ICMT
1609,DGKQ
83693,HSDL1
22870,PPP6R1
64753,CCDC136
10714,POLD3
286006,LSMEM1
51,ACOX1
8398,PLA2G6
7247,TSN
1606,DGKA
57786,RBAK
10077,TSPAN32
83695,RHNO1
2801,GOLGA2
4602,MYB
10382,TUBB4A
64073,C19orf33
4942,OAT
80177,MYCT1
155038,GIMAP8
10495,ENOX2
114625,ERMAP
23125,CAMTA2
202,CRYBG1
128338,DRAM2
55486,PARL
6456,SH3GL2
4763,NF1
161198,CLEC14A
9738,CCP110
151525,WDSUB1
7432,VIP
7205,TRIP6
51206,GP6
57020,VPS35L
11311,VPS45
6934,TCF4
55319,TMA16
9860,LRIG2
64978,MRPL38
55262,MAP11
408050,NOMO3
9282,MED14
54994,GID8
191,AHCY
5433,POLR2D
9203,ZMYM3
23596,OPN3
5704,PSMC4
3613,IMPA2
65258,MPPE1
54460,MRPS21
64981,MRPL34
22905,EPN2
968,CD68
4947,OAZ2
283489,CHAMP1
8668,EIF3I
27000,DNAJC2
1646,AKR1C2
51258,MRPL51
26959,HBP1
9021,SOCS3
283948,NHLRC4
9672,SDC3
58189,WFDC1
3021,H3F3B
26235,FBXL4
4088,SMAD3
89910,UBE3B
3638,INSIG1
51684,SUFU
3055,HCK
10500,SEMA6C
9459,ARHGEF6
64423,INF2
10553,HTATIP2
8363,HIST1H4J
54675,CRLS1
6596,HLTF
1378,CR1
5217,PFN2
387597,ILDR2
115827,RAB3C
9443,MED7
259290,TAS2R31
23276,KLHL18
25792,CIZ1
80155,NAA15
84707,BEX2
23117,NPIPB5
84726,PRRC2B
65985,AACS
112609,MRAP2
3309,HSPA5
6293,VPS52
4287,ATXN3
1588,CYP19A1
6059,ABCE1
5966,REL
6414,SELENOP
79896,THNSL1
90410,IFT20
10269,ZMPSTE24
54890,ALKBH5
4610,MYCL
57109,REXO4
22948,CCT5
84958,SYTL1
84950,PRPF38A
84313,VPS25
23122,CLASP2
54855,TENT5C
55702,YJU2
6382,SDC1
22929,SEPHS1
4057,LTF
28962,OSTM1
23067,SETD1B
80006,SHLD3
29914,UBIAD1
3655,ITGA6
120534,ARL14EP
6210,RPS15A
7596,ZNF45
79832,QSER1
9980,DOP1B
54677,CROT
79154,DHRS11
6835,SURF2
5286,PIK3C2A
25984,KRT23
5698,PSMB9
55769,ZNF83
85378,TUBGCP6
7403,KDM6A
1031,CDKN2C
10554,AGPAT1
284996,RNF149
54963,UCKL1
200844,C3orf67
55013,MCUB
23265,EXOC1
10342,TFG
9375,TM9SF2
55129,ANO10
27258,LSM3
391195,OR2T33
375341,C3orf62
23499,MACF1
64788,LMF1
23387,SIK3
153020,RASGEF1B
2242,FES
79036,KXD1
79230,ZNF557
57493,HEG1
219539,YPEL4
57727,NCOA5
8831,SYNGAP1
6199,RPS6KB2
7343,UBTF
81931,ZNF93
92259,MRPS36
8339,HIST1H2BG
4363,ABCC1
6773,STAT2
64755,C16orf58
51747,LUC7L3
2081,ERN1
55686,MREG
9117,SEC22C
57150,SMIM8
55423,SIRPB2
3459,IFNGR1
6132,RPL8
2023,ENO1
8493,PPM1D
123016,TTC8
874,CBR3
54958,TMEM160
192668,CYS1
65009,NDRG4
63916,ELMO2
5639,PRRG2
84869,CBR4
5166,PDK4
54480,CHPF2
50999,TMED5
285267,ZNF619
10391,CORO2B
946,SIGLEC6
3748,KCNC3
4308,TRPM1
83872,HMCN1
4973,OLR1
